dataset/latc-metadata,ODC Public Domain Dedication and License (PDDL),https://s3-eu-west-1.amazonaws.com/kasabi-exports/datasets/b-latcmds-udpe0qkr/export.nq.gz
dataset/renewable-energy-generators,Creative Commons CC0,https://s3-eu-west-1.amazonaws.com/kasabi-exports/datasets/b-plive-0453r0cj/export.nq.gz
dataset/rnews-sampler,Creative Commons Attribution (CC-BY),https://s3-eu-west-1.amazonaws.com/kasabi-exports/datasets/b-plive-0cszplo5/export.nq.gz
dataset/toilet-information-sabae-city-fukui-prefecture-japan,Creative Commons Attribution (CC-BY),https://s3-eu-west-1.amazonaws.com/kasabi-exports/datasets/b-plive-0k1imypn/export.nq.gz
dataset/geonames,Creative Commons Attribution (CC-BY),https://s3-eu-west-1.amazonaws.com/kasabi-exports/datasets/b-plive-0pf6cdv1/export.nq.gz
dataset/calil-library-data,Creative Commons Attribution-ShareAlike 3.0 Unported (CC-BY-SA 3.0),https://s3-eu-west-1.amazonaws.com/kasabi-exports/datasets/b-plive-14qo8dbb/export.nq.gz
dataset/nra-women,Open Government License for Public Sector Information,https://s3-eu-west-1.amazonaws.com/kasabi-exports/datasets/b-plive-16mm9j13/export.nq.gz
dataset/phrendpoints,Creative Commons Attribution-NonCommercial-NoDerivs 3.0 Unported License,https://s3-eu-west-1.amazonaws.com/kasabi-exports/datasets/b-plive-1ckz50x9/export.nq.gz
dataset/r4d-aid-data,Open Government License for Public Sector Information,https://s3-eu-west-1.amazonaws.com/kasabi-exports/datasets/b-plive-1d8fc7ro/export.nq.gz
dataset/lotico,Open Database License (ODbL),https://s3-eu-west-1.amazonaws.com/kasabi-exports/datasets/b-plive-1jr46s16/export.nq.gz
dataset/openflights-airlines,Creative Commons Attribution (CC-BY),https://s3-eu-west-1.amazonaws.com/kasabi-exports/datasets/b-plive-1jxdlzz6/export.nq.gz
dataset/keith-test1,Creative Commons Attribution-NonCommercial-NoDerivs 3.0 Unported License,https://s3-eu-west-1.amazonaws.com/kasabi-exports/datasets/b-plive-1mg86h3w/export.nq.gz
dataset/prueba,Creative Commons Attribution-NonCommercial-NoDerivs 3.0 Unported License,https://s3-eu-west-1.amazonaws.com/kasabi-exports/datasets/b-plive-1nyjr4ic/export.nq.gz
dataset/medline,Creative Commons CC0,https://s3-eu-west-1.amazonaws.com/kasabi-exports/datasets/b-plive-1z5svyi5/export.nq.gz
dataset/echo-european-commission-humanitarian-aid-and-civil-protection,Creative Commons Attribution-NonCommercial-NoDerivs 3.0 Unported License,https://s3-eu-west-1.amazonaws.com/kasabi-exports/datasets/b-plive-2asajn12/export.nq.gz
dataset/jpm-hs-nasa-training,Creative Commons Attribution-NonCommercial-NoDerivs 3.0 Unported License,https://s3-eu-west-1.amazonaws.com/kasabi-exports/datasets/b-plive-2syi9dsl/export.nq.gz
dataset/test-6,Creative Commons Attribution-NonCommercial-NoDerivs 3.0 Unported License,https://s3-eu-west-1.amazonaws.com/kasabi-exports/datasets/b-plive-2v9wq6c8/export.nq.gz
dataset/cia-world-factbook-ng,Creative Commons CC0,https://s3-eu-west-1.amazonaws.com/kasabi-exports/datasets/b-plive-2xcp7zmo/export.nq.gz
dataset/nxp-products,Creative Commons CC0,https://s3-eu-west-1.amazonaws.com/kasabi-exports/datasets/b-plive-2xgc4nc8/export.nq.gz
dataset/musicbrainz-ng,Creative Commons CC0,https://s3-eu-west-1.amazonaws.com/kasabi-exports/datasets/b-plive-2yz6ga6k/export.nq.gz
dataset/ordnance-survey-uk-education-linkset,Creative Commons CC0,https://s3-eu-west-1.amazonaws.com/kasabi-exports/datasets/b-plive-33kywcpy/export.nq.gz
dataset/prelinger-archives,ODC Public Domain Dedication and License (PDDL),https://s3-eu-west-1.amazonaws.com/kasabi-exports/datasets/b-plive-36ewojr0/export.nq.gz
dataset/eurobarometer-standard,Creative Commons CC0,https://s3-eu-west-1.amazonaws.com/kasabi-exports/datasets/b-plive-3fp0dlc6/export.nq.gz
dataset/wombra-scottish-technical-standards-section-6-energy,Open Government License for Public Sector Information,https://s3-eu-west-1.amazonaws.com/kasabi-exports/datasets/b-plive-3k26de5z/export.nq.gz
dataset/latc-eu-media,Creative Commons CC0,https://s3-eu-west-1.amazonaws.com/kasabi-exports/datasets/b-plive-3z0p0pwz/export.nq.gz
dataset/adventureworks-2008r2lt,Creative Commons CC0,https://s3-eu-west-1.amazonaws.com/kasabi-exports/datasets/b-plive-43jma8vm/export.nq.gz
dataset/ontologiaejemplo,Creative Commons CC0,https://s3-eu-west-1.amazonaws.com/kasabi-exports/datasets/b-plive-47x6u91f/export.nq.gz
dataset/linked-movie-database,Creative Commons Attribution (CC-BY),https://s3-eu-west-1.amazonaws.com/kasabi-exports/datasets/b-plive-48gpsik1/export.nq.gz
dataset/ofertaformativa,Creative Commons Attribution-NonCommercial-NoDerivs 3.0 Unported License,https://s3-eu-west-1.amazonaws.com/kasabi-exports/datasets/b-plive-4ujci5u8/export.nq.gz
dataset/yahoo-geoplanet,Creative Commons Attribution (CC-BY),https://s3-eu-west-1.amazonaws.com/kasabi-exports/datasets/b-plive-4ycg6p8v/export.nq.gz
dataset/nhs-ae-activity-statistics,Open Government License for Public Sector Information,https://s3-eu-west-1.amazonaws.com/kasabi-exports/datasets/b-plive-55l56h4h/export.nq.gz
dataset/kasabi-data-collector-test,Creative Commons Attribution-NonCommercial-NoDerivs 3.0 Unported License,https://s3-eu-west-1.amazonaws.com/kasabi-exports/datasets/b-plive-55lhbmit/export.nq.gz
dataset/discogs,Creative Commons CC0,https://s3-eu-west-1.amazonaws.com/kasabi-exports/datasets/b-plive-5ch53cvq/export.nq.gz
dataset/void,Creative Commons Attribution-NonCommercial-NoDerivs 3.0 Unported License,https://s3-eu-west-1.amazonaws.com/kasabi-exports/datasets/b-plive-5p9hsdbp/export.nq.gz
dataset/pali-english-lexicon,Creative Commons CC0,https://s3-eu-west-1.amazonaws.com/kasabi-exports/datasets/b-plive-65549fvh/export.nq.gz
dataset/semiconductor-test-set-2,Creative Commons Attribution-NonCommercial-NoDerivs 3.0 Unported License,https://s3-eu-west-1.amazonaws.com/kasabi-exports/datasets/b-plive-6aqujx4o/export.nq.gz
dataset/ordnance-survey-linked-data,Open Government License for Public Sector Information,https://s3-eu-west-1.amazonaws.com/kasabi-exports/datasets/b-plive-6pb8yu0h/export.nq.gz
dataset/cdk-cito,Creative Commons CC0,https://s3-eu-west-1.amazonaws.com/kasabi-exports/datasets/b-plive-7o05ycx2/export.nq.gz
dataset/bruce-whealton-foaf-profile,Creative Commons Attribution-ShareAlike 3.0 Unported (CC-BY-SA 3.0),https://s3-eu-west-1.amazonaws.com/kasabi-exports/datasets/b-plive-7ytgtpb6/export.nq.gz
dataset/bbc-wildlife,BBC Backstage License,https://s3-eu-west-1.amazonaws.com/kasabi-exports/datasets/b-plive-8761o1fl/export.nq.gz
dataset/uow-archives,Creative Commons Attribution-NonCommercial-NoDerivs 3.0 Unported License,https://s3-eu-west-1.amazonaws.com/kasabi-exports/datasets/b-plive-89ge1n5c/export.nq.gz
dataset/mta-new-york-city-transit,Creative Commons CC0,https://s3-eu-west-1.amazonaws.com/kasabi-exports/datasets/b-plive-8lm72q1v/export.nq.gz
dataset/contrib-brighton,Creative Commons Attribution-NonCommercial-NoDerivs 3.0 Unported License,https://s3-eu-west-1.amazonaws.com/kasabi-exports/datasets/b-plive-8pst1m58/export.nq.gz
dataset/space-exercise,Creative Commons Attribution-NonCommercial-NoDerivs 3.0 Unported License,https://s3-eu-west-1.amazonaws.com/kasabi-exports/datasets/b-plive-8rtqcobc/export.nq.gz
dataset/bergen-open-research-archive,Creative Commons Attribution-NonCommercial-NoDerivs 3.0 Unported License,https://s3-eu-west-1.amazonaws.com/kasabi-exports/datasets/b-plive-8uvml0wy/export.nq.gz
dataset/panini-stickers,Creative Commons CC0,https://s3-eu-west-1.amazonaws.com/kasabi-exports/datasets/b-plive-905ifvr3/export.nq.gz
dataset/oxpoints-geographic-qrcodes,Creative Commons CC0,https://s3-eu-west-1.amazonaws.com/kasabi-exports/datasets/b-plive-92wv62yc/export.nq.gz
dataset/us-geography,Creative Commons Attribution-NonCommercial-NoDerivs 3.0 Unported License,https://s3-eu-west-1.amazonaws.com/kasabi-exports/datasets/b-plive-9i5edg0f/export.nq.gz
dataset/federal-reserve-economic-data,Creative Commons CC0,https://s3-eu-west-1.amazonaws.com/kasabi-exports/datasets/b-plive-9jbfqcrd/export.nq.gz
dataset/uk-transport-operators,Creative Commons Attribution-ShareAlike 3.0 Unported (CC-BY-SA 3.0),https://s3-eu-west-1.amazonaws.com/kasabi-exports/datasets/b-plive-9sqt5zhk/export.nq.gz
dataset/bricklink,Creative Commons Attribution (CC-BY),https://s3-eu-west-1.amazonaws.com/kasabi-exports/datasets/b-plive-9vzsbo2w/export.nq.gz
dataset/sembookshelf,Creative Commons Attribution-NonCommercial-NoDerivs 3.0 Unported License,https://s3-eu-west-1.amazonaws.com/kasabi-exports/datasets/b-plive-a1i388vq/export.nq.gz
dataset/european-election-results,Creative Commons CC0,https://s3-eu-west-1.amazonaws.com/kasabi-exports/datasets/b-plive-a9lc1768/export.nq.gz
dataset/uri,Creative Commons Attribution-NonCommercial-NoDerivs 3.0 Unported License,https://s3-eu-west-1.amazonaws.com/kasabi-exports/datasets/b-plive-a9nmc4zp/export.nq.gz
dataset/bbc-music,BBC Backstage License,https://s3-eu-west-1.amazonaws.com/kasabi-exports/datasets/b-plive-aakxlbr6/export.nq.gz
dataset/southampton-postcodes,Creative Commons CC0,https://s3-eu-west-1.amazonaws.com/kasabi-exports/datasets/b-plive-awemrr6m/export.nq.gz
dataset/brandweer-amsterdam-amstelland-dispatch-messages,Open Government License for Public Sector Information,https://s3-eu-west-1.amazonaws.com/kasabi-exports/datasets/b-plive-az5fjime/export.nq.gz
dataset/games,Creative Commons Attribution-NonCommercial-NoDerivs 3.0 Unported License,https://s3-eu-west-1.amazonaws.com/kasabi-exports/datasets/b-plive-b1v7sfmx/export.nq.gz
dataset/dev8d-2012,Creative Commons CC0,https://s3-eu-west-1.amazonaws.com/kasabi-exports/datasets/b-plive-b6rfvi2p/export.nq.gz
dataset/ordnance-survey-towns-latitude-longitude,Open Government License for Public Sector Information,https://s3-eu-west-1.amazonaws.com/kasabi-exports/datasets/b-plive-b9shmhpy/export.nq.gz
dataset/chemicalcontent,Creative Commons Attribution-NonCommercial-NoDerivs 3.0 Unported License,https://s3-eu-west-1.amazonaws.com/kasabi-exports/datasets/b-plive-bksuhamp/export.nq.gz
dataset/mot-testing-stations,Open Government License for Public Sector Information,https://s3-eu-west-1.amazonaws.com/kasabi-exports/datasets/b-plive-bz0vxwbe/export.nq.gz
dataset/brighton-footprints,Open Government License for Public Sector Information,https://s3-eu-west-1.amazonaws.com/kasabi-exports/datasets/b-plive-c2j50o8x/export.nq.gz
dataset/ordnance-survey-traffic-scotland-linkset,Creative Commons CC0,https://s3-eu-west-1.amazonaws.com/kasabi-exports/datasets/b-plive-c3f3lnkb/export.nq.gz
dataset/nhs-organization,Open Government License for Public Sector Information,https://s3-eu-west-1.amazonaws.com/kasabi-exports/datasets/b-plive-cdkgyrb1/export.nq.gz
dataset/ordnance-survey-our-airports-linkset,Creative Commons CC0,https://s3-eu-west-1.amazonaws.com/kasabi-exports/datasets/b-plive-d2suqofi/export.nq.gz
dataset/adelaide-metro,Creative Commons CC0,https://s3-eu-west-1.amazonaws.com/kasabi-exports/datasets/b-plive-d4oqhf92/export.nq.gz
dataset/latc-linksets,Open Database License (ODbL),https://s3-eu-west-1.amazonaws.com/kasabi-exports/datasets/b-plive-d5yd0aup/export.nq.gz
dataset/uow-archives2,Creative Commons Attribution-NonCommercial-NoDerivs 3.0 Unported License,https://s3-eu-west-1.amazonaws.com/kasabi-exports/datasets/b-plive-dn2pq5sj/export.nq.gz
dataset/blackberry-bold-9900-batteries,Creative Commons Attribution-NonCommercial-NoDerivs 3.0 Unported License,https://s3-eu-west-1.amazonaws.com/kasabi-exports/datasets/b-plive-dp3n15tu/export.nq.gz
dataset/eventseer,Creative Commons Attribution (CC-BY),https://s3-eu-west-1.amazonaws.com/kasabi-exports/datasets/b-plive-e0di55oa/export.nq.gz
dataset/calling,Creative Commons CC0,https://s3-eu-west-1.amazonaws.com/kasabi-exports/datasets/b-plive-e9cv6yqn/export.nq.gz
dataset/gac-similar-works,Creative Commons CC0,https://s3-eu-west-1.amazonaws.com/kasabi-exports/datasets/b-plive-ebaj48x8/export.nq.gz
dataset/oreilly-opmi,Creative Commons Attribution (CC-BY),https://s3-eu-west-1.amazonaws.com/kasabi-exports/datasets/b-plive-edebtxw0/export.nq.gz
dataset/elsevier-sponsored-documents,Creative Commons CC0,https://s3-eu-west-1.amazonaws.com/kasabi-exports/datasets/b-plive-eihtl0bv/export.nq.gz
dataset/nxp-documentation,Creative Commons Attribution-NonCommercial-NoDerivs 3.0 Unported License,https://s3-eu-west-1.amazonaws.com/kasabi-exports/datasets/b-plive-eitql6r7/export.nq.gz
dataset/e2,Creative Commons CC0,https://s3-eu-west-1.amazonaws.com/kasabi-exports/datasets/b-plive-ek6gkpoa/export.nq.gz
dataset/ecco-tcp-eighteenth-century-collections-online-texts,ODC Public Domain Dedication and License (PDDL),https://s3-eu-west-1.amazonaws.com/kasabi-exports/datasets/b-plive-eramc1g2/export.nq.gz
dataset/hishamtestdataset,Creative Commons Attribution-NonCommercial-NoDerivs 3.0 Unported License,https://s3-eu-west-1.amazonaws.com/kasabi-exports/datasets/b-plive-etvhtusx/export.nq.gz
dataset/chembl-rdf,Creative Commons Attribution-ShareAlike 3.0 Unported (CC-BY-SA 3.0),https://s3-eu-west-1.amazonaws.com/kasabi-exports/datasets/b-plive-f123vjt6/export.nq.gz
dataset/new-york-times,Creative Commons Attribution (CC-BY),https://s3-eu-west-1.amazonaws.com/kasabi-exports/datasets/b-plive-f4gaqksd/export.nq.gz
dataset/eumida,Creative Commons CC0,https://s3-eu-west-1.amazonaws.com/kasabi-exports/datasets/b-plive-fcdt813h/export.nq.gz
dataset/kasabi-space-training-database,Creative Commons Attribution-NonCommercial-NoDerivs 3.0 Unported License,https://s3-eu-west-1.amazonaws.com/kasabi-exports/datasets/b-plive-flsv0m5o/export.nq.gz
dataset/nhs-performance-data,Open Government License for Public Sector Information,https://s3-eu-west-1.amazonaws.com/kasabi-exports/datasets/b-plive-foqkt41b/export.nq.gz
dataset/bbc-programmes,BBC Backstage License,https://s3-eu-west-1.amazonaws.com/kasabi-exports/datasets/b-plive-fxigiuib/export.nq.gz
dataset/bricklink-similar-sets,Creative Commons CC0,https://s3-eu-west-1.amazonaws.com/kasabi-exports/datasets/b-plive-g3kqhl40/export.nq.gz
dataset/maomava,Creative Commons CC0,https://s3-eu-west-1.amazonaws.com/kasabi-exports/datasets/b-plive-g6kjs572/export.nq.gz
dataset/demostracion,Creative Commons Attribution-NonCommercial-NoDerivs 3.0 Unported License,https://s3-eu-west-1.amazonaws.com/kasabi-exports/datasets/b-plive-geo3xuav/export.nq.gz
dataset/john-peel-sessions,BBC Backstage License,https://s3-eu-west-1.amazonaws.com/kasabi-exports/datasets/b-plive-gfnu4oke/export.nq.gz
dataset/farmers-market,Creative Commons Attribution-NonCommercial-NoDerivs 3.0 Unported License,https://s3-eu-west-1.amazonaws.com/kasabi-exports/datasets/b-plive-gt1vl8ws/export.nq.gz
dataset/musicnet,Creative Commons CC0,https://s3-eu-west-1.amazonaws.com/kasabi-exports/datasets/b-plive-h0dkh3we/export.nq.gz
dataset/yokohama-city-budget-plan-fy2012,Creative Commons Attribution (CC-BY),https://s3-eu-west-1.amazonaws.com/kasabi-exports/datasets/b-plive-h35f9uai/export.nq.gz
dataset/nra,Creative Commons Attribution-NonCommercial-NoDerivs 3.0 Unported License,https://s3-eu-west-1.amazonaws.com/kasabi-exports/datasets/b-plive-hg42acnd/export.nq.gz
dataset/world-air-travel,Creative Commons Attribution-ShareAlike 3.0 Unported (CC-BY-SA 3.0),https://s3-eu-west-1.amazonaws.com/kasabi-exports/datasets/b-plive-hgwas73c/export.nq.gz
dataset/uk-education-geographic-qrcodes,Creative Commons CC0,https://s3-eu-west-1.amazonaws.com/kasabi-exports/datasets/b-plive-hhcbgu2t/export.nq.gz
dataset/philippines-festival-0,Creative Commons Attribution-NonCommercial-NoDerivs 3.0 Unported License,https://s3-eu-west-1.amazonaws.com/kasabi-exports/datasets/b-plive-honj014m/export.nq.gz
dataset/oxpoints,Creative Commons CC0,https://s3-eu-west-1.amazonaws.com/kasabi-exports/datasets/b-plive-hrzdupip/export.nq.gz
dataset/digital-city-brighton,Creative Commons CC0,https://s3-eu-west-1.amazonaws.com/kasabi-exports/datasets/b-plive-ipmpkwao/export.nq.gz
dataset/ordnance-survey-postcode-renewable-energy-generators-linkset,Creative Commons CC0,https://s3-eu-west-1.amazonaws.com/kasabi-exports/datasets/b-plive-iyipcz0p/export.nq.gz
dataset/world-geography,Creative Commons CC0,https://s3-eu-west-1.amazonaws.com/kasabi-exports/datasets/b-plive-jkib76pb/export.nq.gz
dataset/colegios-de-chile,Creative Commons CC0,https://s3-eu-west-1.amazonaws.com/kasabi-exports/datasets/b-plive-k721d9t1/export.nq.gz
dataset/bryans-training-data,Creative Commons CC0,https://s3-eu-west-1.amazonaws.com/kasabi-exports/datasets/b-plive-kffgtr3r/export.nq.gz
dataset/ejemplo,Creative Commons CC0,https://s3-eu-west-1.amazonaws.com/kasabi-exports/datasets/b-plive-kgs3lzvu/export.nq.gz
dataset/educacion,Creative Commons Attribution-NonCommercial-NoDerivs 3.0 Unported License,https://s3-eu-west-1.amazonaws.com/kasabi-exports/datasets/b-plive-ksct0anc/export.nq.gz
dataset/scottish-national-parks-and-postcode-areas,Creative Commons CC0,https://s3-eu-west-1.amazonaws.com/kasabi-exports/datasets/b-plive-ktvuh6jt/export.nq.gz
dataset/italian-schools,Creative Commons Attribution-ShareAlike 3.0 Unported (CC-BY-SA 3.0),https://s3-eu-west-1.amazonaws.com/kasabi-exports/datasets/b-plive-lvd89pyh/export.nq.gz
dataset/food,Creative Commons CC0,https://s3-eu-west-1.amazonaws.com/kasabi-exports/datasets/b-plive-lwz1blpu/export.nq.gz
dataset/rendimiento-escolar-chile,Creative Commons Attribution-NonCommercial-NoDerivs 3.0 Unported License,https://s3-eu-west-1.amazonaws.com/kasabi-exports/datasets/b-plive-m20igs19/export.nq.gz
dataset/education-ordnance-survey-postcode-linkset,Open Government License for Public Sector Information,https://s3-eu-west-1.amazonaws.com/kasabi-exports/datasets/b-plive-md9cazfd/export.nq.gz
dataset/plos-one,Creative Commons Attribution (CC-BY),https://s3-eu-west-1.amazonaws.com/kasabi-exports/datasets/b-plive-mndjsuky/export.nq.gz
dataset/testdataset,Creative Commons Attribution-NonCommercial-NoDerivs 3.0 Unported License,https://s3-eu-west-1.amazonaws.com/kasabi-exports/datasets/b-plive-mq3vg8dm/export.nq.gz
dataset/nasa,Creative Commons CC0,https://s3-eu-west-1.amazonaws.com/kasabi-exports/datasets/b-plive-mzqcnhn4/export.nq.gz
dataset/countries,Creative Commons Attribution-NonCommercial-NoDerivs 3.0 Unported License,https://s3-eu-west-1.amazonaws.com/kasabi-exports/datasets/b-plive-n2ylz0ff/export.nq.gz
dataset/english-heritage,Creative Commons CC0,https://s3-eu-west-1.amazonaws.com/kasabi-exports/datasets/b-plive-nbom7e49/export.nq.gz
dataset/sanskrit-english-lexicon,Creative Commons CC0,https://s3-eu-west-1.amazonaws.com/kasabi-exports/datasets/b-plive-ncfjg7de/export.nq.gz
dataset/safecast-0,Creative Commons CC0,https://s3-eu-west-1.amazonaws.com/kasabi-exports/datasets/b-plive-ndtcnp54/export.nq.gz
dataset/skills,Creative Commons Attribution-NonCommercial-NoDerivs 3.0 Unported License,https://s3-eu-west-1.amazonaws.com/kasabi-exports/datasets/b-plive-npc1qp7i/export.nq.gz
dataset/study,Creative Commons CC0,https://s3-eu-west-1.amazonaws.com/kasabi-exports/datasets/b-plive-nvlpw0sz/export.nq.gz
dataset/monumentos,Creative Commons CC0,https://s3-eu-west-1.amazonaws.com/kasabi-exports/datasets/b-plive-nzrg82xo/export.nq.gz
dataset/test-2,Creative Commons Attribution-NonCommercial-NoDerivs 3.0 Unported License,https://s3-eu-west-1.amazonaws.com/kasabi-exports/datasets/b-plive-o483gpz2/export.nq.gz
dataset/beyond-book,Creative Commons CC0,https://s3-eu-west-1.amazonaws.com/kasabi-exports/datasets/b-plive-o56rr5xb/export.nq.gz
dataset/dbpedia-links,Creative Commons Attribution-ShareAlike 3.0 Unported (CC-BY-SA 3.0),https://s3-eu-west-1.amazonaws.com/kasabi-exports/datasets/b-plive-o7goimcu/export.nq.gz
dataset/genealogy-information,Creative Commons Attribution-NonCommercial-NoDerivs 3.0 Unported License,https://s3-eu-west-1.amazonaws.com/kasabi-exports/datasets/b-plive-o7pjkl0i/export.nq.gz
dataset/languages,Creative Commons CC0,https://s3-eu-west-1.amazonaws.com/kasabi-exports/datasets/b-plive-oymxs5yt/export.nq.gz
dataset/test1,Creative Commons Attribution-NonCommercial-NoDerivs 3.0 Unported License,https://s3-eu-west-1.amazonaws.com/kasabi-exports/datasets/b-plive-p08xrnw7/export.nq.gz
dataset/ubbspecial,Creative Commons Attribution-NonCommercial-NoDerivs 3.0 Unported License,https://s3-eu-west-1.amazonaws.com/kasabi-exports/datasets/b-plive-p5hwoend/export.nq.gz
dataset/turismo-asturias,Creative Commons Attribution-NonCommercial-NoDerivs 3.0 Unported License,https://s3-eu-west-1.amazonaws.com/kasabi-exports/datasets/b-plive-pdj5hh7z/export.nq.gz
dataset/testlocations,Creative Commons Attribution-NonCommercial-NoDerivs 3.0 Unported License,https://s3-eu-west-1.amazonaws.com/kasabi-exports/datasets/b-plive-pgkjl4qh/export.nq.gz
dataset/aligaballa,Creative Commons Attribution-NonCommercial-NoDerivs 3.0 Unported License,https://s3-eu-west-1.amazonaws.com/kasabi-exports/datasets/b-plive-pgw1isf0/export.nq.gz
dataset/veille-pearltrees,Open Database License (ODbL),https://s3-eu-west-1.amazonaws.com/kasabi-exports/datasets/b-plive-pi3mwca5/export.nq.gz
dataset/ejemplo3,Creative Commons Attribution-NonCommercial-NoDerivs 3.0 Unported License,https://s3-eu-west-1.amazonaws.com/kasabi-exports/datasets/b-plive-pifib3n4/export.nq.gz
dataset/yokohama-attractions,Creative Commons CC0,https://s3-eu-west-1.amazonaws.com/kasabi-exports/datasets/b-plive-pw5bfmci/export.nq.gz
dataset/jpm-allanbeck-nasa-training,Creative Commons Attribution-NonCommercial-NoDerivs 3.0 Unported License,https://s3-eu-west-1.amazonaws.com/kasabi-exports/datasets/b-plive-qmx1ou6q/export.nq.gz
dataset/icdb,Creative Commons CC0,https://s3-eu-west-1.amazonaws.com/kasabi-exports/datasets/b-plive-qu1eezq6/export.nq.gz
dataset/italy,Creative Commons Attribution-ShareAlike 3.0 Unported (CC-BY-SA 3.0),https://s3-eu-west-1.amazonaws.com/kasabi-exports/datasets/b-plive-qv13j8d0/export.nq.gz
dataset/utpl,Creative Commons CC0,https://s3-eu-west-1.amazonaws.com/kasabi-exports/datasets/b-plive-r1gxfwln/export.nq.gz
dataset/ordnance-survey-renewable-energy-generators-linkset,Creative Commons CC0,https://s3-eu-west-1.amazonaws.com/kasabi-exports/datasets/b-plive-r1ve8t25/export.nq.gz
dataset/openflights-routes,Creative Commons Attribution-NonCommercial-NoDerivs 3.0 Unported License,https://s3-eu-west-1.amazonaws.com/kasabi-exports/datasets/b-plive-r7digtfi/export.nq.gz
dataset/airports,Creative Commons Attribution-NonCommercial-NoDerivs 3.0 Unported License,https://s3-eu-west-1.amazonaws.com/kasabi-exports/datasets/b-plive-ret6tdky/export.nq.gz
dataset/exquisitely-refined-ipad-3-cases,Creative Commons Attribution-NonCommercial-NoDerivs 3.0 Unported License,https://s3-eu-west-1.amazonaws.com/kasabi-exports/datasets/b-plive-rom97ihi/export.nq.gz
dataset/ejemplo5,Creative Commons CC0,https://s3-eu-west-1.amazonaws.com/kasabi-exports/datasets/b-plive-rwq7hnnl/export.nq.gz
dataset/nhs-hospital-activity-statistics,Open Government License for Public Sector Information,https://s3-eu-west-1.amazonaws.com/kasabi-exports/datasets/b-plive-s2xdiko4/export.nq.gz
dataset/italian-schools-kasabi,Creative Commons Attribution-NonCommercial-NoDerivs 3.0 Unported License,https://s3-eu-west-1.amazonaws.com/kasabi-exports/datasets/b-plive-sew2gjwo/export.nq.gz
dataset/government-art-collection,Open Government License for Public Sector Information,https://s3-eu-west-1.amazonaws.com/kasabi-exports/datasets/b-plive-sfizvaup/export.nq.gz
dataset/tito,Creative Commons CC0,https://s3-eu-west-1.amazonaws.com/kasabi-exports/datasets/b-plive-sfzgd58a/export.nq.gz
dataset/aim25omp,Creative Commons Attribution-NonCommercial-NoDerivs 3.0 Unported License,https://s3-eu-west-1.amazonaws.com/kasabi-exports/datasets/b-plive-sizjnq5n/export.nq.gz
dataset/bbc,BBC Backstage License,https://s3-eu-west-1.amazonaws.com/kasabi-exports/datasets/b-plive-slf9ihll/export.nq.gz
dataset/climb-similar-routes,Creative Commons CC0,https://s3-eu-west-1.amazonaws.com/kasabi-exports/datasets/b-plive-t8r0luvs/export.nq.gz
dataset/nptdr-rail,Open Government License for Public Sector Information,https://s3-eu-west-1.amazonaws.com/kasabi-exports/datasets/b-plive-tcelxluu/export.nq.gz
dataset/gairola-dev-1,Creative Commons Attribution-NonCommercial-NoDerivs 3.0 Unported License,https://s3-eu-west-1.amazonaws.com/kasabi-exports/datasets/b-plive-tdhxud1m/export.nq.gz
dataset/chempedia-rdf,Creative Commons CC0,https://s3-eu-west-1.amazonaws.com/kasabi-exports/datasets/b-plive-u0alji44/export.nq.gz
dataset/zach-foaf,Creative Commons Attribution (CC-BY),https://s3-eu-west-1.amazonaws.com/kasabi-exports/datasets/b-plive-ua6f7t1r/export.nq.gz
dataset/un-hazardous-material-numbers,Creative Commons CC0,https://s3-eu-west-1.amazonaws.com/kasabi-exports/datasets/b-plive-uc2wz5bn/export.nq.gz
dataset/john-peel-archive,Creative Commons Attribution-ShareAlike 3.0 Unported (CC-BY-SA 3.0),https://s3-eu-west-1.amazonaws.com/kasabi-exports/datasets/b-plive-uml8pqn3/export.nq.gz
dataset/rasika-athukorala,Creative Commons Attribution-NonCommercial-NoDerivs 3.0 Unported License,https://s3-eu-west-1.amazonaws.com/kasabi-exports/datasets/b-plive-uqv1y8y4/export.nq.gz
dataset/scotland-data,Creative Commons Attribution-NonCommercial-NoDerivs 3.0 Unported License,https://s3-eu-west-1.amazonaws.com/kasabi-exports/datasets/b-plive-v5u4dnt9/export.nq.gz
dataset/whealton-family-genealogy-data,Creative Commons Attribution-NonCommercial-NoDerivs 3.0 Unported License,https://s3-eu-west-1.amazonaws.com/kasabi-exports/datasets/b-plive-vamhfrsf/export.nq.gz
dataset/marctest,Creative Commons Attribution-NonCommercial-NoDerivs 3.0 Unported License,https://s3-eu-west-1.amazonaws.com/kasabi-exports/datasets/b-plive-vcyaqjuu/export.nq.gz
dataset/plants-1,Creative Commons CC0,https://s3-eu-west-1.amazonaws.com/kasabi-exports/datasets/b-plive-viykxzsr/export.nq.gz
dataset/philippines-festival,Creative Commons Attribution-NonCommercial-NoDerivs 3.0 Unported License,https://s3-eu-west-1.amazonaws.com/kasabi-exports/datasets/b-plive-vlb1ag5q/export.nq.gz
dataset/pranto-0,Creative Commons Attribution-NonCommercial-NoDerivs 3.0 Unported License,https://s3-eu-west-1.amazonaws.com/kasabi-exports/datasets/b-plive-vq756pph/export.nq.gz
dataset/www2012,Creative Commons CC0,https://s3-eu-west-1.amazonaws.com/kasabi-exports/datasets/b-plive-vrnrzyr2/export.nq.gz
dataset/iati,Creative Commons Attribution-NonCommercial-NoDerivs 3.0 Unported License,https://s3-eu-west-1.amazonaws.com/kasabi-exports/datasets/b-plive-vt7bejta/export.nq.gz
dataset/unitedstatesgeographyowl,Creative Commons Attribution-NonCommercial-NoDerivs 3.0 Unported License,https://s3-eu-west-1.amazonaws.com/kasabi-exports/datasets/b-plive-vurrgc4q/export.nq.gz
dataset/cars,Open Government License for Public Sector Information,https://s3-eu-west-1.amazonaws.com/kasabi-exports/datasets/b-plive-vz0w8qi2/export.nq.gz
dataset/ejemplo2,Creative Commons CC0,https://s3-eu-west-1.amazonaws.com/kasabi-exports/datasets/b-plive-wzfw2dbk/export.nq.gz
dataset/archon,Open Government License for Public Sector Information,https://s3-eu-west-1.amazonaws.com/kasabi-exports/datasets/b-plive-x0zt3pof/export.nq.gz
dataset/ookaboo-20120206-beta,Creative Commons Attribution-ShareAlike 3.0 Unported (CC-BY-SA 3.0),https://s3-eu-west-1.amazonaws.com/kasabi-exports/datasets/b-plive-xcy9fku4/export.nq.gz
dataset/richards-training-data,Creative Commons Attribution-NonCommercial-NoDerivs 3.0 Unported License,https://s3-eu-west-1.amazonaws.com/kasabi-exports/datasets/b-plive-xoc4u6qq/export.nq.gz
dataset/keiths-space-training-dataset,Creative Commons Attribution-NonCommercial-NoDerivs 3.0 Unported License,https://s3-eu-west-1.amazonaws.com/kasabi-exports/datasets/b-plive-xsd66y4x/export.nq.gz
dataset/fixmystreet,Creative Commons Attribution-NonCommercial-ShareAlike 3.0 Unported (CC-BY-NC-SA 3.0),https://s3-eu-west-1.amazonaws.com/kasabi-exports/datasets/b-plive-xtbfybzj/export.nq.gz
dataset/hampshire-postcodes,Creative Commons CC0,https://s3-eu-west-1.amazonaws.com/kasabi-exports/datasets/b-plive-ybtqmcg9/export.nq.gz
dataset/global-hunger-index,Creative Commons Attribution (CC-BY),https://s3-eu-west-1.amazonaws.com/kasabi-exports/datasets/b-plive-yd4jnqf1/export.nq.gz
dataset/foodista,Creative Commons Attribution (CC-BY),https://s3-eu-west-1.amazonaws.com/kasabi-exports/datasets/b-plive-yfd3h9ql/export.nq.gz
dataset/geospecies,Creative Commons Attribution (CC-BY),https://s3-eu-west-1.amazonaws.com/kasabi-exports/datasets/b-plive-yn8xhxds/export.nq.gz
dataset/nokia-lumia-900-case-case-nokia-lumia-900,Creative Commons Attribution-NonCommercial-NoDerivs 3.0 Unported License,https://s3-eu-west-1.amazonaws.com/kasabi-exports/datasets/b-plive-yzounega/export.nq.gz
dataset/ordnance-survey-oxpoints-linkset,Creative Commons CC0,https://s3-eu-west-1.amazonaws.com/kasabi-exports/datasets/b-plive-z2hrs4ig/export.nq.gz
dataset/myfoaf,Creative Commons Attribution-NonCommercial-ShareAlike 3.0 Unported (CC-BY-NC-SA 3.0),https://s3-eu-west-1.amazonaws.com/kasabi-exports/datasets/b-plive-zs5jccbk/export.nq.gz
dataset/airlines,Creative Commons Attribution-ShareAlike 3.0 Unported (CC-BY-SA 3.0),https://s3-eu-west-1.amazonaws.com/kasabi-exports/datasets/b-plive-ztrcr0vt/export.nq.gz
dataset/e1,Creative Commons CC0,https://s3-eu-west-1.amazonaws.com/kasabi-exports/datasets/b-plive-zu24ksas/export.nq.gz
dataset/kasabi-directory,Creative Commons Attribution (CC-BY),https://s3-eu-west-1.amazonaws.com/kasabi-exports/datasets/b-plive-zy1vonad/export.nq.gz
dataset/near,Creative Commons CC0,https://s3-eu-west-1.amazonaws.com/kasabi-exports/datasets/near/export.nq.gz
dataset/locah,Open Government License for Public Sector Information,https://s3-eu-west-1.amazonaws.com/kasabi-exports/datasets/locah/export.nq.gz
dataset/climb-dataincubator,Creative Commons CC0,https://s3-eu-west-1.amazonaws.com/kasabi-exports/datasets/climb-dataincubator/export.nq.gz
dataset/our-airports,Creative Commons CC0,https://s3-eu-west-1.amazonaws.com/kasabi-exports/datasets/our-airports/export.nq.gz
dataset/traffic-scotland,Creative Commons Attribution-ShareAlike 3.0 Unported (CC-BY-SA 3.0),https://s3-eu-west-1.amazonaws.com/kasabi-exports/datasets/traffic-scotland/export.nq.gz
dataset/english-language-books-listed-printed-book-auction-catalogues-17th-century-holland,Creative Commons Attribution-ShareAlike 3.0 Unported (CC-BY-SA 3.0),https://s3-eu-west-1.amazonaws.com/kasabi-exports/datasets/english-language-books-listed-printed-book-auction-catalogues-17th-century-holland/export.nq.gz
dataset/view,Creative Commons Attribution-ShareAlike 3.0 Unported (CC-BY-SA 3.0),https://s3-eu-west-1.amazonaws.com/kasabi-exports/datasets/view/export.nq.gz
dataset/marc-codes-list,Creative Commons CC0,https://s3-eu-west-1.amazonaws.com/kasabi-exports/datasets/marc-codes-list/export.nq.gz
dataset/pokedex-data-rdf,Open Government License for Public Sector Information,https://s3-eu-west-1.amazonaws.com/kasabi-exports/datasets/pokedex-data-rdf/export.nq.gz
dataset/lichfield-spending-data,Creative Commons Attribution-NonCommercial-ShareAlike 3.0 Unported (CC-BY-NC-SA 3.0),https://s3-eu-west-1.amazonaws.com/kasabi-exports/datasets/lichfield-spending-data/export.nq.gz
dataset/moseley-folk-festival-data,Creative Commons Attribution (CC-BY),https://s3-eu-west-1.amazonaws.com/kasabi-exports/datasets/moseley-folk-festival-data/export.nq.gz
dataset/copac-locah-project,Creative Commons CC0,https://s3-eu-west-1.amazonaws.com/kasabi-exports/datasets/copac-locah-project/export.nq.gz
dataset/jisc-cetis-project-directory,Creative Commons Attribution-NonCommercial-NoDerivs 3.0 Unported License,https://s3-eu-west-1.amazonaws.com/kasabi-exports/datasets/jisc-cetis-project-directory/export.nq.gz
dataset/twitter-data-eswc-conference,Creative Commons CC0,https://s3-eu-west-1.amazonaws.com/kasabi-exports/datasets/twitter-data-eswc-conference/export.nq.gz
dataset/dendritic-cell-research-dc-research-eu,ODC Public Domain Dedication and License (PDDL),https://s3-eu-west-1.amazonaws.com/kasabi-exports/datasets/dendritic-cell-research-dc-research-eu/export.nq.gz
dataset/metoffice-weather-forecasts,Creative Commons CC0,https://s3-eu-west-1.amazonaws.com/kasabi-exports/datasets/metoffice-weather-forecasts/export.nq.gz
dataset/scottish-mountaineering-council-journals-issues-1-36,Creative Commons Attribution-NonCommercial-NoDerivs 3.0 Unported License,https://s3-eu-west-1.amazonaws.com/kasabi-exports/datasets/scottish-mountaineering-council-journals-issues-1-36/export.nq.gz
